"SMPT_NORTHING","SMPT_EASTING","SMPT","DATE_TIME","MEAS_RESULT","MEAS_DETERMINAND_CODE","MEAS_SIGN","SAMP_ID"
169143,327659,"EST HOPE FIX ST",2016-04-13 11:25:00,0.00521,"0714",NA,4646013
169143,327659,"EST HOPE FIX ST",2016-04-13 11:25:00,0.00561,"0731",NA,4646013
169143,327659,"EST HOPE FIX ST",2016-04-13 11:25:00,0.00228,"0733",NA,4646013
169143,327659,"EST HOPE FIX ST",2016-04-13 11:25:00,0.00513,"6399",NA,4646013
169143,327659,"EST HOPE FIX ST",2015-07-16 07:30:00,0.01,"0714","<",4624248
169143,327659,"EST HOPE FIX ST",2015-07-16 07:30:00,0.01,"0731","<",4624248
169143,327659,"EST HOPE FIX ST",2015-07-16 07:30:00,0.01,"0733","<",4624248
169143,327659,"EST HOPE FIX ST",2015-07-16 07:30:00,0.01,"6399","<",4624248
169143,327659,"EST HOPE FIX ST",2015-12-14 11:40:00,0.01,"0733","<",4637052
169143,327659,"EST HOPE FIX ST",2015-12-14 11:40:00,0.01,"6399","<",4637052
169143,327659,"EST HOPE FIX ST",2015-12-14 11:40:00,0.01,"0714","<",4637052
169143,327659,"EST HOPE FIX ST",2015-12-14 11:40:00,0.01,"0731","<",4637052
169143,327659,"EST HOPE FIX ST",2015-03-10 11:39:00,0.01,"0714","<",4613914
169143,327659,"EST HOPE FIX ST",2015-03-10 11:39:00,0.0143,"0731",NA,4613914
169143,327659,"EST HOPE FIX ST",2015-03-10 11:39:00,0.01,"0733","<",4613914
169143,327659,"EST HOPE FIX ST",2015-03-10 11:39:00,0.01,"6399","<",4613914
169143,327659,"EST HOPE FIX ST",2016-07-07 08:52:00,1e-04,"0714",NA,4654063
169143,327659,"EST HOPE FIX ST",2016-07-07 08:52:00,0.00013,"0731",NA,4654063
169143,327659,"EST HOPE FIX ST",2016-07-07 08:52:00,4e-05,"0733",NA,4654063
169143,327659,"EST HOPE FIX ST",2016-07-07 08:52:00,7e-05,"6399",NA,4654063
169143,327659,"EST HOPE FIX ST",2016-09-01 07:25:00,0.0396,"0714",NA,4658646
169143,327659,"EST HOPE FIX ST",2016-09-01 07:25:00,0.0273,"0731",NA,4658646
169143,327659,"EST HOPE FIX ST",2016-09-01 07:25:00,0.0127,"0733",NA,4658646
169143,327659,"EST HOPE FIX ST",2016-09-01 07:25:00,0.0295,"6399",NA,4658646
169143,327659,"EST HOPE FIX ST",2016-10-20 10:24:00,1e-04,"0733","<",4662115
169143,327659,"EST HOPE FIX ST",2016-10-20 10:24:00,1e-04,"6399","<",4662115
169143,327659,"EST HOPE FIX ST",2016-10-20 10:24:00,1e-04,"0714","<",4662115
169143,327659,"EST HOPE FIX ST",2016-10-20 10:24:00,0.00011,"0731",NA,4662115
169143,327659,"EST HOPE FIX ST",2016-03-23 06:37:00,0.00832,"0714",NA,4644187
169143,327659,"EST HOPE FIX ST",2016-03-23 06:37:00,0.00778,"0731",NA,4644187
169143,327659,"EST HOPE FIX ST",2016-03-23 06:37:00,0.00356,"0733",NA,4644187
169143,327659,"EST HOPE FIX ST",2016-03-23 06:37:00,0.0078,"6399",NA,4644187
169143,327659,"EST HOPE FIX ST",2015-04-21 08:58:00,0.01,"0714","<",4616977
169143,327659,"EST HOPE FIX ST",2015-04-21 08:58:00,0.01,"0731","<",4616977
169143,327659,"EST HOPE FIX ST",2015-04-21 08:58:00,0.01,"0733","<",4616977
169143,327659,"EST HOPE FIX ST",2015-04-21 08:58:00,0.01,"6399","<",4616977
169143,327659,"EST HOPE FIX ST",2015-02-02 10:10:00,0.01,"0714","<",4610606
169143,327659,"EST HOPE FIX ST",2015-02-02 10:10:00,0.01,"0731","<",4610606
169143,327659,"EST HOPE FIX ST",2015-02-02 10:10:00,0.01,"0733","<",4610606
169143,327659,"EST HOPE FIX ST",2015-02-02 10:10:00,0.01,"6399","<",4610606
169143,327659,"EST HOPE FIX ST",2016-01-23 15:41:00,0.001,"0733","<",4640193
169143,327659,"EST HOPE FIX ST",2016-01-23 15:41:00,0.001,"6399","<",4640193
169143,327659,"EST HOPE FIX ST",2016-01-23 15:41:00,0.001,"0714","<",4640193
169143,327659,"EST HOPE FIX ST",2016-01-23 15:41:00,0.001,"0731","<",4640193
169143,327659,"EST HOPE FIX ST",2015-03-27 10:57:00,0.01,"0714","<",4614841
169143,327659,"EST HOPE FIX ST",2015-03-27 10:57:00,0.01,"0731","<",4614841
169143,327659,"EST HOPE FIX ST",2015-03-27 10:57:00,0.01,"0733","<",4614841
169143,327659,"EST HOPE FIX ST",2015-03-27 10:57:00,0.01,"6399","<",4614841
169143,327659,"EST HOPE FIX ST",2015-07-31 06:50:00,0.01,"0714","<",4625687
169143,327659,"EST HOPE FIX ST",2015-07-31 06:50:00,0.01,"0731","<",4625687
169143,327659,"EST HOPE FIX ST",2015-07-31 06:50:00,0.01,"0733","<",4625687
169143,327659,"EST HOPE FIX ST",2015-07-31 06:50:00,0.01,"6399","<",4625687
169143,327659,"EST HOPE FIX ST",2015-07-02 07:02:00,0.01,"0714","<",4623057
169143,327659,"EST HOPE FIX ST",2015-05-22 09:45:00,0.01,"0714","<",4619250
169143,327659,"EST HOPE FIX ST",2015-05-22 09:45:00,0.01,"0731","<",4619250
169143,327659,"EST HOPE FIX ST",2015-05-22 09:45:00,0.01,"0733","<",4619250
169143,327659,"EST HOPE FIX ST",2015-05-22 09:45:00,0.01,"6399","<",4619250
169143,327659,"EST HOPE FIX ST",2015-07-02 07:02:00,0.01,"0731","<",4623057
169143,327659,"EST HOPE FIX ST",2015-07-02 07:02:00,0.01,"0733","<",4623057
169143,327659,"EST HOPE FIX ST",2015-07-02 07:02:00,0.01,"6399","<",4623057
169143,327659,"EST HOPE FIX ST",2015-11-02 09:17:00,0.002,"0714",">",4633358
169143,327659,"EST HOPE FIX ST",2015-11-02 09:17:00,0.002,"0731",">",4633358
169143,327659,"EST HOPE FIX ST",2015-11-02 09:17:00,0.002,"0733",">",4633358
169143,327659,"EST HOPE FIX ST",2015-11-02 09:17:00,0.002,"6399",">",4633358
169143,327659,"EST HOPE FIX ST",2016-02-25 07:24:00,0.00024,"6399",NA,4642670
169143,327659,"EST HOPE FIX ST",2016-02-25 07:24:00,0.00029,"0714",NA,4642670
169143,327659,"EST HOPE FIX ST",2016-02-25 07:24:00,0.00022,"0731",NA,4642670
169143,327659,"EST HOPE FIX ST",2016-02-25 07:24:00,0.00011,"0733",NA,4642670
169143,327659,"EST HOPE FIX ST",2016-05-11 10:14:00,0.0458,"0714",NA,4648175
169143,327659,"EST HOPE FIX ST",2016-05-11 10:14:00,0.0494,"0731",NA,4648175
169143,327659,"EST HOPE FIX ST",2016-05-11 10:14:00,0.0251,"0733",NA,4648175
169143,327659,"EST HOPE FIX ST",2016-05-11 10:14:00,0.0443,"6399",NA,4648175
169143,327659,"EST HOPE FIX ST",2015-09-12 11:21:00,0.01,"0714","<",4629338
169143,327659,"EST HOPE FIX ST",2015-09-12 11:21:00,0.01,"0731","<",4629338
169143,327659,"EST HOPE FIX ST",2015-09-12 11:21:00,0.01,"0733","<",4629338
169143,327659,"EST HOPE FIX ST",2015-09-12 11:21:00,0.01,"6399","<",4629338
169143,327659,"EST HOPE FIX ST",2016-12-15 07:53:00,0.00015,"0714",NA,4667521
169143,327659,"EST HOPE FIX ST",2016-12-15 07:53:00,0.00016,"0731",NA,4667521
169143,327659,"EST HOPE FIX ST",2016-12-15 07:53:00,1e-04,"0733","<",4667521
169143,327659,"EST HOPE FIX ST",2016-12-15 07:53:00,0.00011,"6399",NA,4667521
169143,327659,"EST HOPE FIX ST",2016-06-09 09:28:00,1e-04,"0714","<",4650569
169143,327659,"EST HOPE FIX ST",2016-06-09 09:28:00,1e-04,"0731","<",4650569
169143,327659,"EST HOPE FIX ST",2016-06-09 09:28:00,1e-04,"0733","<",4650569
169143,327659,"EST HOPE FIX ST",2016-06-09 09:28:00,1e-04,"6399","<",4650569
169143,327659,"EST HOPE FIX ST",2016-09-22 10:34:00,1e-04,"0714","<",4659603
169143,327659,"EST HOPE FIX ST",2016-09-22 10:34:00,0.00011,"0731",NA,4659603
169143,327659,"EST HOPE FIX ST",2016-09-22 10:34:00,1e-04,"0733","<",4659603
169143,327659,"EST HOPE FIX ST",2016-09-22 10:34:00,1e-04,"6399","<",4659603
169143,327659,"EST HOPE FIX ST",2017-02-15 08:59:00,0.0456,"0714",NA,4671957
169143,327659,"EST HOPE FIX ST",2017-02-15 08:59:00,0.0488,"0731",NA,4671957
169143,327659,"EST HOPE FIX ST",2017-02-15 08:59:00,0.0244,"0733",NA,4671957
169143,327659,"EST HOPE FIX ST",2017-02-15 08:59:00,0.05,"6399",">",4671957
179153,336015,"EST OFF NEWPORT",2015-03-10 10:15:00,0.01,"0714","<",4614221
179153,336015,"EST OFF NEWPORT",2015-03-10 10:15:00,0.01,"0731","<",4614221
179153,336015,"EST OFF NEWPORT",2015-03-10 10:15:00,0.01,"0733","<",4614221
179153,336015,"EST OFF NEWPORT",2015-03-10 10:15:00,0.01,"6399","<",4614221
179153,336015,"EST OFF NEWPORT",2015-12-14 09:09:00,0.01,"0733","<",4637053
179153,336015,"EST OFF NEWPORT",2015-12-14 09:09:00,0.01,"6399","<",4637053
179153,336015,"EST OFF NEWPORT",2015-12-14 09:09:00,0.01,"0714","<",4637053
179153,336015,"EST OFF NEWPORT",2015-12-14 09:09:00,0.01,"0731","<",4637053
179153,336015,"EST OFF NEWPORT",2016-09-01 08:37:00,0.00819,"0714",NA,4658647
179153,336015,"EST OFF NEWPORT",2016-09-01 08:37:00,0.0097,"0731",NA,4658647
179153,336015,"EST OFF NEWPORT",2016-09-01 08:37:00,0.00408,"0733",NA,4658647
179153,336015,"EST OFF NEWPORT",2016-09-01 08:37:00,0.00846,"6399",NA,4658647
179153,336015,"EST OFF NEWPORT",2015-02-02 09:11:00,0.01,"0714","<",4610607
179153,336015,"EST OFF NEWPORT",2015-02-02 09:11:00,0.01,"0731","<",4610607
179153,336015,"EST OFF NEWPORT",2015-02-02 09:11:00,0.01,"0733","<",4610607
179153,336015,"EST OFF NEWPORT",2015-02-02 09:11:00,0.01,"6399","<",4610607
179153,336015,"EST OFF NEWPORT",2016-07-07 10:38:00,2e-04,"0714",NA,4654064
179153,336015,"EST OFF NEWPORT",2016-07-07 10:38:00,0.00023,"0731",NA,4654064
179153,336015,"EST OFF NEWPORT",2016-07-07 10:38:00,8e-05,"0733",NA,4654064
179153,336015,"EST OFF NEWPORT",2016-07-07 10:38:00,0.00012,"6399",NA,4654064
179153,336015,"EST OFF NEWPORT",2015-04-21 10:59:00,0.01,"0714","<",4616978
179153,336015,"EST OFF NEWPORT",2015-04-21 10:59:00,0.01,"0731","<",4616978
179153,336015,"EST OFF NEWPORT",2015-04-21 10:59:00,0.01,"0733","<",4616978
179153,336015,"EST OFF NEWPORT",2015-04-21 10:59:00,0.01,"6399","<",4616978
179153,336015,"EST OFF NEWPORT",2015-03-27 12:40:00,0.01,"0714","<",4614842
179153,336015,"EST OFF NEWPORT",2015-03-27 12:40:00,0.01,"0731","<",4614842
179153,336015,"EST OFF NEWPORT",2015-03-27 12:40:00,0.01,"0733","<",4614842
179153,336015,"EST OFF NEWPORT",2015-03-27 12:40:00,0.01,"6399","<",4614842
179153,336015,"EST OFF NEWPORT",2016-10-20 12:09:00,0.00021,"0714",NA,4662116
179153,336015,"EST OFF NEWPORT",2016-10-20 12:09:00,0.00019,"0731",NA,4662116
179153,336015,"EST OFF NEWPORT",2016-10-20 12:09:00,1e-04,"0733","<",4662116
179153,336015,"EST OFF NEWPORT",2016-10-20 12:09:00,0.00013,"6399",NA,4662116
179153,336015,"EST OFF NEWPORT",2015-07-31 08:22:00,0.01,"0714","<",4625688
179153,336015,"EST OFF NEWPORT",2015-07-31 08:22:00,0.01,"0731","<",4625688
179153,336015,"EST OFF NEWPORT",2015-07-31 08:22:00,0.01,"0733","<",4625688
179153,336015,"EST OFF NEWPORT",2015-07-31 08:22:00,0.01,"6399","<",4625688
179153,336015,"EST OFF NEWPORT",2015-05-22 11:07:00,0.01,"0714","<",4619251
179153,336015,"EST OFF NEWPORT",2015-05-22 11:07:00,0.01,"0731","<",4619251
179153,336015,"EST OFF NEWPORT",2015-05-22 11:07:00,0.01,"0733","<",4619251
179153,336015,"EST OFF NEWPORT",2015-07-16 09:27:00,0.01,"0714","<",4624249
179153,336015,"EST OFF NEWPORT",2015-07-16 09:27:00,0.01,"0731","<",4624249
179153,336015,"EST OFF NEWPORT",2015-07-16 09:27:00,0.01,"0733","<",4624249
179153,336015,"EST OFF NEWPORT",2015-07-16 09:27:00,0.01,"6399","<",4624249
179153,336015,"EST OFF NEWPORT",2015-07-02 08:27:00,0.01,"0714","<",4623058
179153,336015,"EST OFF NEWPORT",2015-07-02 08:27:00,0.01,"0731","<",4623058
179153,336015,"EST OFF NEWPORT",2015-07-02 08:27:00,0.01,"0733","<",4623058
179153,336015,"EST OFF NEWPORT",2015-05-22 11:07:00,0.01,"6399","<",4619251
179153,336015,"EST OFF NEWPORT",2015-07-02 08:27:00,0.01,"6399","<",4623058
179153,336015,"EST OFF NEWPORT",2016-09-22 11:57:00,1e-04,"0714","<",4659604
179153,336015,"EST OFF NEWPORT",2016-09-22 11:57:00,0.00013,"0731",NA,4659604
179153,336015,"EST OFF NEWPORT",2016-09-22 11:57:00,1e-04,"0733","<",4659604
179153,336015,"EST OFF NEWPORT",2016-09-22 11:57:00,1e-04,"6399","<",4659604
179153,336015,"EST OFF NEWPORT",2015-11-02 11:01:00,0.002,"0714",">",4633359
179153,336015,"EST OFF NEWPORT",2015-11-02 11:01:00,0.002,"0731",">",4633359
179153,336015,"EST OFF NEWPORT",2015-11-02 11:01:00,0.002,"0733",">",4633359
179153,336015,"EST OFF NEWPORT",2015-11-02 11:01:00,0.002,"6399",">",4633359
179153,336015,"EST OFF NEWPORT",2016-02-25 09:02:00,0.0147,"0733",NA,4642671
179153,336015,"EST OFF NEWPORT",2016-01-23 16:18:00,0.001,"0733","<",4640194
179153,336015,"EST OFF NEWPORT",2016-02-25 09:02:00,0.0291,"6399",NA,4642671
179153,336015,"EST OFF NEWPORT",2016-02-25 09:02:00,0.0356,"0714",NA,4642671
179153,336015,"EST OFF NEWPORT",2016-02-25 09:02:00,0.0307,"0731",NA,4642671
179153,336015,"EST OFF NEWPORT",2016-01-23 16:18:00,0.001,"6399","<",4640194
179153,336015,"EST OFF NEWPORT",2016-01-23 16:18:00,0.001,"0714","<",4640194
179153,336015,"EST OFF NEWPORT",2016-01-23 16:18:00,0.001,"0731","<",4640194
179153,336015,"EST OFF NEWPORT",2016-05-11 11:45:00,0.0299,"0714",NA,4648176
179153,336015,"EST OFF NEWPORT",2016-05-11 11:45:00,0.0349,"0731",NA,4648176
179153,336015,"EST OFF NEWPORT",2016-05-11 11:45:00,0.0167,"0733",NA,4648176
179153,336015,"EST OFF NEWPORT",2016-05-11 11:45:00,0.032,"6399",NA,4648176
179153,336015,"EST OFF NEWPORT",2015-09-12 09:05:00,0.01,"0714","<",4629339
179153,336015,"EST OFF NEWPORT",2015-09-12 09:05:00,0.01,"0731","<",4629339
179153,336015,"EST OFF NEWPORT",2015-09-12 09:05:00,0.01,"0733","<",4629339
179153,336015,"EST OFF NEWPORT",2015-09-12 09:05:00,0.01,"6399","<",4629339
179153,336015,"EST OFF NEWPORT",2016-04-13 12:40:00,0.00323,"0714",NA,4646014
179153,336015,"EST OFF NEWPORT",2016-04-13 12:40:00,0.00352,"0731",NA,4646014
179153,336015,"EST OFF NEWPORT",2016-04-13 12:40:00,0.00152,"0733",NA,4646014
179153,336015,"EST OFF NEWPORT",2016-04-13 12:40:00,0.00309,"6399",NA,4646014
179153,336015,"EST OFF NEWPORT",2016-12-15 09:04:00,0.00028,"0714",NA,4667522
179153,336015,"EST OFF NEWPORT",2016-12-15 09:04:00,0.00032,"0731",NA,4667522
179153,336015,"EST OFF NEWPORT",2016-12-15 09:04:00,0.00013,"0733",NA,4667522
179153,336015,"EST OFF NEWPORT",2016-12-15 09:04:00,0.00024,"6399",NA,4667522
179153,336015,"EST OFF NEWPORT",2016-06-09 11:14:00,0.00012,"0714",NA,4650570
179153,336015,"EST OFF NEWPORT",2016-06-09 11:14:00,0.00017,"0731",NA,4650570
179153,336015,"EST OFF NEWPORT",2016-06-09 11:14:00,1e-04,"0733","<",4650570
179153,336015,"EST OFF NEWPORT",2016-06-09 11:14:00,1e-04,"6399","<",4650570
179153,336015,"EST OFF NEWPORT",2017-02-15 10:13:00,0.0448,"0714",NA,4671958
179153,336015,"EST OFF NEWPORT",2017-02-15 10:13:00,0.0461,"0731",NA,4671958
179153,336015,"EST OFF NEWPORT",2017-02-15 10:13:00,0.0231,"0733",NA,4671958
179153,336015,"EST OFF NEWPORT",2017-02-15 10:13:00,0.0496,"6399",NA,4671958
188169,352463,"T CHARSTON RCKS",2016-07-20 10:40:00,0.05,"0714",">",4654886
188169,352463,"T CHARSTON RCKS",2016-07-20 10:40:00,0.05,"0731",">",4654886
188169,352463,"T CHARSTON RCKS",2016-07-20 10:40:00,0.0432,"0733",NA,4654886
188169,352463,"T CHARSTON RCKS",2016-07-20 10:40:00,0.05,"6399",">",4654886
188169,352463,"T CHARSTON RCKS",2015-09-04 11:30:00,0.01,"0714","<",4628247
188169,352463,"T CHARSTON RCKS",2015-09-04 11:30:00,0.01,"0731","<",4628247
188169,352463,"T CHARSTON RCKS",2015-09-04 11:30:00,0.01,"0733","<",4628247
188169,352463,"T CHARSTON RCKS",2015-09-04 11:30:00,0.01,"6399","<",4628247
188169,352463,"T CHARSTON RCKS",2015-10-02 11:40:00,0.0222,"0714",NA,4630453
188169,352463,"T CHARSTON RCKS",2015-10-02 11:40:00,0.0404,"0731",NA,4630453
188169,352463,"T CHARSTON RCKS",2015-10-02 11:40:00,0.0122,"0733",NA,4630453
188169,352463,"T CHARSTON RCKS",2015-10-02 11:40:00,0.0241,"6399",NA,4630453
188169,352463,"T CHARSTON RCKS",2015-12-15 10:15:00,0.002,"0714",">",4637073
188169,352463,"T CHARSTON RCKS",2015-12-15 10:15:00,0.002,"0731",">",4637073
188169,352463,"T CHARSTON RCKS",2015-12-15 10:15:00,0.002,"0733",">",4637073
188169,352463,"T CHARSTON RCKS",2015-12-15 10:15:00,0.002,"6399",">",4637073
188169,352463,"T CHARSTON RCKS",2016-10-05 10:40:00,0.05,"0714",">",4661039
188169,352463,"T CHARSTON RCKS",2016-10-05 10:40:00,0.05,"0731",">",4661039
188169,352463,"T CHARSTON RCKS",2016-10-05 10:40:00,0.0495,"0733",NA,4661039
188169,352463,"T CHARSTON RCKS",2016-10-05 10:40:00,0.05,"6399",">",4661039
188169,352463,"T CHARSTON RCKS",2016-05-26 11:15:00,0.05,"0714",">",4649047
188169,352463,"T CHARSTON RCKS",2016-05-26 11:15:00,0.05,"0731",">",4649047
188169,352463,"T CHARSTON RCKS",2016-05-26 11:15:00,0.05,"0733",">",4649047
188169,352463,"T CHARSTON RCKS",2015-04-22 10:30:00,0.01,"0714","<",4617061
188169,352463,"T CHARSTON RCKS",2015-04-22 10:30:00,0.0154,"0731",NA,4617061
188169,352463,"T CHARSTON RCKS",2015-04-22 10:30:00,0.01,"0733","<",4617061
188169,352463,"T CHARSTON RCKS",2015-04-22 10:30:00,0.01,"6399","<",4617061
188169,352463,"T CHARSTON RCKS",2016-05-26 11:15:00,0.05,"6399",">",4649047
188169,352463,"T CHARSTON RCKS",2015-02-25 10:30:00,0.01,"0714","<",4612923
188169,352463,"T CHARSTON RCKS",2015-02-25 10:30:00,0.01,"0731","<",4612923
188169,352463,"T CHARSTON RCKS",2015-02-25 10:30:00,0.01,"0733","<",4612923
188169,352463,"T CHARSTON RCKS",2015-03-26 10:15:00,0.01,"0714","<",4614797
188169,352463,"T CHARSTON RCKS",2015-03-26 10:15:00,0.01,"0731","<",4614797
188169,352463,"T CHARSTON RCKS",2015-03-26 10:15:00,0.01,"0733","<",4614797
188169,352463,"T CHARSTON RCKS",2015-03-26 10:15:00,0.01,"6399","<",4614797
188169,352463,"T CHARSTON RCKS",2015-02-25 10:30:00,0.01,"6399","<",4612923
188169,352463,"T CHARSTON RCKS",2015-01-27 11:10:00,0.01,"0733","<",4610269
188169,352463,"T CHARSTON RCKS",2015-01-27 11:10:00,0.01,"6399","<",4610269
188169,352463,"T CHARSTON RCKS",2015-01-27 11:10:00,0.01,"0714","<",4610269
188169,352463,"T CHARSTON RCKS",2015-01-27 11:10:00,0.01,"0731","<",4610269
188169,352463,"T CHARSTON RCKS",2017-01-30 09:45:00,0.0541,"0714",NA,4670766
188169,352463,"T CHARSTON RCKS",2017-01-30 09:45:00,0.0565,"0731",NA,4670766
188169,352463,"T CHARSTON RCKS",2017-01-30 09:45:00,0.0279,"0733",NA,4670766
188169,352463,"T CHARSTON RCKS",2017-01-30 09:45:00,0.0548,"6399",NA,4670766
188169,352463,"T CHARSTON RCKS",2016-12-06 11:20:00,0.28,"0714",NA,4666528
188169,352463,"T CHARSTON RCKS",2016-12-06 11:20:00,0.213,"0731",NA,4666528
188169,352463,"T CHARSTON RCKS",2016-12-06 11:20:00,0.104,"0733",NA,4666528
188169,352463,"T CHARSTON RCKS",2016-12-06 11:20:00,0.213,"6399",NA,4666528
188169,352463,"T CHARSTON RCKS",2016-03-11 10:15:00,1e-04,"0714","<",4642996
188169,352463,"T CHARSTON RCKS",2016-03-11 10:15:00,1e-04,"0731","<",4642996
188169,352463,"T CHARSTON RCKS",2016-03-11 10:15:00,1e-04,"0733","<",4642996
188169,352463,"T CHARSTON RCKS",2016-03-11 10:15:00,1e-04,"6399","<",4642996
188169,352463,"T CHARSTON RCKS",2015-08-20 10:30:00,0.01,"0714","<",4626940
188169,352463,"T CHARSTON RCKS",2015-08-20 10:30:00,0.01,"0731","<",4626940
188169,352463,"T CHARSTON RCKS",2015-08-20 10:30:00,0.01,"0733","<",4626940
188169,352463,"T CHARSTON RCKS",2015-08-20 10:30:00,0.01,"6399","<",4626940
188169,352463,"T CHARSTON RCKS",2016-04-12 11:30:00,1e-04,"0714","<",4645978
188169,352463,"T CHARSTON RCKS",2016-04-12 11:30:00,1e-04,"0731","<",4645978
188169,352463,"T CHARSTON RCKS",2016-04-12 11:30:00,1e-04,"0733","<",4645978
188169,352463,"T CHARSTON RCKS",2016-02-26 10:25:00,0.054,"0714",">",4642051
188169,352463,"T CHARSTON RCKS",2016-02-26 10:25:00,0.054,"0731",">",4642051
188169,352463,"T CHARSTON RCKS",2016-02-26 10:25:00,0.054,"0733",">",4642051
188169,352463,"T CHARSTON RCKS",2016-02-26 10:25:00,0.054,"6399",">",4642051
188169,352463,"T CHARSTON RCKS",2016-04-12 11:30:00,1e-04,"6399","<",4645978
188169,352463,"T CHARSTON RCKS",2016-09-07 10:45:00,0.202,"0714",NA,4658767
188169,352463,"T CHARSTON RCKS",2016-09-07 10:45:00,0.242,"0731",NA,4658767
188169,352463,"T CHARSTON RCKS",2016-09-07 10:45:00,0.113,"0733",NA,4658767
188169,352463,"T CHARSTON RCKS",2016-09-07 10:45:00,0.208,"6399",NA,4658767
188169,352463,"T CHARSTON RCKS",2015-06-05 10:25:00,0.01,"0714","<",4620800
188169,352463,"T CHARSTON RCKS",2015-06-05 10:25:00,0.01,"0731","<",4620800
188169,352463,"T CHARSTON RCKS",2015-06-05 10:25:00,0.01,"0733","<",4620800
188169,352463,"T CHARSTON RCKS",2015-06-05 10:25:00,0.01,"6399","<",4620800
188169,352463,"T CHARSTON RCKS",2017-03-17 10:40:00,0.00061,"0714",NA,4674575
188169,352463,"T CHARSTON RCKS",2017-03-17 10:40:00,0.00066,"0731",NA,4674575
188169,352463,"T CHARSTON RCKS",2017-03-17 10:40:00,0.00024,"0733",NA,4674575
188169,352463,"T CHARSTON RCKS",2017-03-17 10:40:00,0.00037,"6399",NA,4674575
188169,352463,"T CHARSTON RCKS",2017-03-01 09:40:00,0.00045,"0714",NA,4673531
188169,352463,"T CHARSTON RCKS",2017-03-01 09:40:00,0.00053,"0731",NA,4673531
188169,352463,"T CHARSTON RCKS",2017-03-01 09:40:00,8e-04,"0733",NA,4673531
188169,352463,"T CHARSTON RCKS",2017-03-01 09:40:00,0.00029,"6399",NA,4673531
193100,356000,"SEDBURY CLIFFS",2015-01-27 12:10:00,0.01,"0733","<",4610271
193100,356000,"SEDBURY CLIFFS",2015-01-27 12:10:00,0.01,"6399","<",4610271
193100,356000,"SEDBURY CLIFFS",2015-01-27 12:10:00,0.01,"0714","<",4610271
193100,356000,"SEDBURY CLIFFS",2015-01-27 12:10:00,0.01,"0731","<",4610271
193100,356000,"SEDBURY CLIFFS",2016-07-20 09:15:00,0.0345,"0714",NA,4654888
193100,356000,"SEDBURY CLIFFS",2016-07-20 09:15:00,0.0366,"0731",NA,4654888
193100,356000,"SEDBURY CLIFFS",2016-07-20 09:15:00,0.0178,"0733",NA,4654888
193100,356000,"SEDBURY CLIFFS",2016-07-20 09:15:00,0.0351,"6399",NA,4654888
193100,356000,"SEDBURY CLIFFS",2015-10-02 11:00:00,0.01,"0714","<",4630455
193100,356000,"SEDBURY CLIFFS",2015-10-02 11:00:00,0.01,"0731","<",4630455
193100,356000,"SEDBURY CLIFFS",2015-10-02 11:00:00,0.01,"0733","<",4630455
193100,356000,"SEDBURY CLIFFS",2015-09-04 10:30:00,0.01,"0714","<",4628249
193100,356000,"SEDBURY CLIFFS",2015-09-04 10:30:00,0.01,"0731","<",4628249
193100,356000,"SEDBURY CLIFFS",2015-09-04 10:30:00,0.01,"0733","<",4628249
193100,356000,"SEDBURY CLIFFS",2015-09-04 10:30:00,0.01,"6399","<",4628249
193100,356000,"SEDBURY CLIFFS",2015-10-02 11:00:00,0.01,"6399","<",4630455
193100,356000,"SEDBURY CLIFFS",2015-12-15 11:25:00,0.002,"0714",">",4637075
193100,356000,"SEDBURY CLIFFS",2015-12-15 11:25:00,0.002,"0731",">",4637075
193100,356000,"SEDBURY CLIFFS",2015-12-15 11:25:00,0.002,"0733",">",4637075
193100,356000,"SEDBURY CLIFFS",2015-12-15 11:25:00,0.002,"6399",">",4637075
193100,356000,"SEDBURY CLIFFS",2016-10-05 09:30:00,0.00029,"0714",NA,4661041
193100,356000,"SEDBURY CLIFFS",2016-10-05 09:30:00,0.00032,"0731",NA,4661041
193100,356000,"SEDBURY CLIFFS",2016-10-05 09:30:00,0.00013,"0733",NA,4661041
193100,356000,"SEDBURY CLIFFS",2016-10-05 09:30:00,0.00023,"6399",NA,4661041
193100,356000,"SEDBURY CLIFFS",2015-04-22 11:25:00,0.01,"0714","<",4617063
193100,356000,"SEDBURY CLIFFS",2015-04-22 11:25:00,0.0157,"0731",NA,4617063
193100,356000,"SEDBURY CLIFFS",2015-04-22 11:25:00,0.01,"0733","<",4617063
193100,356000,"SEDBURY CLIFFS",2015-04-22 11:25:00,0.01,"6399","<",4617063
193100,356000,"SEDBURY CLIFFS",2015-02-25 11:25:00,0.01,"0714","<",4612925
193100,356000,"SEDBURY CLIFFS",2015-02-25 11:25:00,0.01,"0731","<",4612925
193100,356000,"SEDBURY CLIFFS",2015-02-25 11:25:00,0.01,"0733","<",4612925
193100,356000,"SEDBURY CLIFFS",2015-02-25 11:25:00,0.01,"6399","<",4612925
193100,356000,"SEDBURY CLIFFS",2015-06-05 10:45:00,0.01,"0714","<",4620802
193100,356000,"SEDBURY CLIFFS",2015-06-05 10:45:00,0.01,"0731","<",4620802
193100,356000,"SEDBURY CLIFFS",2015-06-05 10:45:00,0.01,"0733","<",4620802
193100,356000,"SEDBURY CLIFFS",2015-06-05 10:45:00,0.01,"6399","<",4620802
193100,356000,"SEDBURY CLIFFS",2015-03-26 11:20:00,0.01,"0714","<",4614799
193100,356000,"SEDBURY CLIFFS",2015-03-26 11:20:00,0.01,"0731","<",4614799
193100,356000,"SEDBURY CLIFFS",2015-03-26 11:20:00,0.01,"0733","<",4614799
193100,356000,"SEDBURY CLIFFS",2015-03-26 11:20:00,0.01,"6399","<",4614799
193100,356000,"SEDBURY CLIFFS",2016-12-06 10:15:00,0.344,"0714",NA,4666530
193100,356000,"SEDBURY CLIFFS",2016-12-06 10:15:00,0.217,"0731",NA,4666530
193100,356000,"SEDBURY CLIFFS",2016-12-06 10:15:00,0.106,"0733",NA,4666530
193100,356000,"SEDBURY CLIFFS",2016-12-06 10:15:00,0.233,"6399",NA,4666530
193100,356000,"SEDBURY CLIFFS",2016-02-26 10:55:00,0.05,"6399",">",4642053
193100,356000,"SEDBURY CLIFFS",2015-08-20 11:05:00,0.01,"0714","<",4626942
193100,356000,"SEDBURY CLIFFS",2015-08-20 11:05:00,0.01,"0731","<",4626942
193100,356000,"SEDBURY CLIFFS",2015-08-20 11:05:00,0.01,"0733","<",4626942
193100,356000,"SEDBURY CLIFFS",2015-08-20 11:05:00,0.01,"6399","<",4626942
193100,356000,"SEDBURY CLIFFS",2016-02-26 10:55:00,0.05,"0714",">",4642053
193100,356000,"SEDBURY CLIFFS",2016-02-26 10:55:00,0.05,"0731",">",4642053
193100,356000,"SEDBURY CLIFFS",2016-02-26 10:55:00,0.0468,"0733",NA,4642053
193100,356000,"SEDBURY CLIFFS",2016-04-12 10:15:00,0.0575,"0714",">",4645980
193100,356000,"SEDBURY CLIFFS",2016-04-12 10:15:00,0.0575,"0731",">",4645980
193100,356000,"SEDBURY CLIFFS",2016-04-12 10:15:00,0.0575,"0733",">",4645980
193100,356000,"SEDBURY CLIFFS",2016-04-12 10:15:00,0.0575,"6399",">",4645980
193100,356000,"SEDBURY CLIFFS",2016-03-11 09:35:00,0.05,"0714",">",4642998
193100,356000,"SEDBURY CLIFFS",2016-03-11 09:35:00,0.05,"0731",">",4642998
193100,356000,"SEDBURY CLIFFS",2016-03-11 09:35:00,0.05,"0733",">",4642998
193100,356000,"SEDBURY CLIFFS",2016-03-11 09:35:00,0.05,"6399",">",4642998
193100,356000,"SEDBURY CLIFFS",2016-09-07 11:20:00,0.0533,"6399",">",4658769
193100,356000,"SEDBURY CLIFFS",2016-09-07 11:20:00,0.0533,"0714",">",4658769
193100,356000,"SEDBURY CLIFFS",2016-09-07 11:20:00,0.0533,"0731",">",4658769
193100,356000,"SEDBURY CLIFFS",2016-09-07 11:20:00,0.0533,"0733",">",4658769
193100,356000,"SEDBURY CLIFFS",2016-05-26 10:10:00,0.05,"0714",">",4649049
193100,356000,"SEDBURY CLIFFS",2016-05-26 10:10:00,0.05,"0731",">",4649049
193100,356000,"SEDBURY CLIFFS",2016-05-26 10:10:00,0.05,"0733",">",4649049
193100,356000,"SEDBURY CLIFFS",2016-05-26 10:10:00,0.05,"6399",">",4649049
193100,356000,"SEDBURY CLIFFS",2017-01-30 10:05:00,0.00716,"0733",NA,4670768
193100,356000,"SEDBURY CLIFFS",2017-01-30 10:05:00,0.016,"6399",NA,4670768
193100,356000,"SEDBURY CLIFFS",2017-01-30 10:05:00,0.0218,"0714",NA,4670768
193100,356000,"SEDBURY CLIFFS",2017-01-30 10:05:00,0.0161,"0731",NA,4670768
193100,356000,"SEDBURY CLIFFS",2017-03-17 09:45:00,0.00027,"0714",NA,4674577
193100,356000,"SEDBURY CLIFFS",2017-03-17 09:45:00,0.00028,"0731",NA,4674577
193100,356000,"SEDBURY CLIFFS",2017-03-17 09:45:00,0.00012,"0733",NA,4674577
193100,356000,"SEDBURY CLIFFS",2017-03-17 09:45:00,2e-04,"6399",NA,4674577
193100,356000,"SEDBURY CLIFFS",2017-03-01 09:00:00,4e-04,"0714",NA,4673533
193100,356000,"SEDBURY CLIFFS",2017-03-01 09:00:00,0.00073,"0731",NA,4673533
193100,356000,"SEDBURY CLIFFS",2017-03-01 09:00:00,0.00016,"0733",NA,4673533
193100,356000,"SEDBURY CLIFFS",2017-03-01 09:00:00,0.00032,"6399",NA,4673533
198800,364300,"HAYWARD ROCK",2016-10-04 09:55:00,0.127,"6399",NA,4660950
198800,364300,"HAYWARD ROCK",2016-10-04 09:55:00,0.159,"0714",NA,4660950
198800,364300,"HAYWARD ROCK",2016-10-04 09:55:00,0.128,"0731",NA,4660950
198800,364300,"HAYWARD ROCK",2016-10-04 09:55:00,0.0634,"0733",NA,4660950
198800,364300,"HAYWARD ROCK",2015-01-26 10:50:00,0.01,"0733","<",4610266
198800,364300,"HAYWARD ROCK",2015-01-26 10:50:00,0.01,"6399","<",4610266
198800,364300,"HAYWARD ROCK",2015-01-26 10:50:00,0.01,"0714","<",4610266
198800,364300,"HAYWARD ROCK",2015-01-26 10:50:00,0.01,"0731","<",4610266
198800,364300,"HAYWARD ROCK",2016-07-21 09:30:00,0.00261,"0714",NA,4654931
198800,364300,"HAYWARD ROCK",2016-07-21 09:30:00,0.00284,"0731",NA,4654931
198800,364300,"HAYWARD ROCK",2016-07-21 09:30:00,0.0012,"0733",NA,4654931
198800,364300,"HAYWARD ROCK",2016-07-21 09:30:00,0.00237,"6399",NA,4654931
198800,364300,"HAYWARD ROCK",2016-09-06 10:15:00,0.149,"0714",NA,4658703
198800,364300,"HAYWARD ROCK",2016-09-06 10:15:00,0.111,"0731",NA,4658703
198800,364300,"HAYWARD ROCK",2016-09-06 10:15:00,0.0536,"0733",NA,4658703
198800,364300,"HAYWARD ROCK",2016-09-06 10:15:00,0.107,"6399",NA,4658703
198800,364300,"HAYWARD ROCK",2015-10-16 09:55:00,0.0276,"0714",NA,4631285
198800,364300,"HAYWARD ROCK",2015-10-16 09:55:00,0.0335,"0731",NA,4631285
198800,364300,"HAYWARD ROCK",2015-10-16 09:55:00,0.0183,"0733",NA,4631285
198800,364300,"HAYWARD ROCK",2015-10-16 09:55:00,0.0251,"6399",NA,4631285
198800,364300,"HAYWARD ROCK",2015-10-02 10:20:00,0.01,"0714","<",4630451
198800,364300,"HAYWARD ROCK",2015-10-02 10:20:00,0.0124,"0731",NA,4630451
198800,364300,"HAYWARD ROCK",2015-10-02 10:20:00,0.01,"0733","<",4630451
198800,364300,"HAYWARD ROCK",2015-10-02 10:20:00,0.01,"6399","<",4630451
198800,364300,"HAYWARD ROCK",2016-12-05 09:50:00,0.05,"0714",">",4666448
198800,364300,"HAYWARD ROCK",2016-12-05 09:50:00,0.05,"0731",">",4666448
198800,364300,"HAYWARD ROCK",2016-12-05 09:50:00,0.0394,"0733",NA,4666448
198800,364300,"HAYWARD ROCK",2016-12-05 09:50:00,0.05,"6399",">",4666448
198800,364300,"HAYWARD ROCK",2016-01-28 10:05:00,0.05,"0731",">",4640356
198800,364300,"HAYWARD ROCK",2016-01-28 10:05:00,0.0355,"0733",NA,4640356
198800,364300,"HAYWARD ROCK",2016-01-28 10:05:00,0.05,"6399",">",4640356
198800,364300,"HAYWARD ROCK",2016-04-11 09:55:00,0.25,"0714",">",4645820
198800,364300,"HAYWARD ROCK",2016-04-11 09:55:00,0.25,"0731",">",4645820
198800,364300,"HAYWARD ROCK",2016-04-11 09:55:00,0.13,"0733",NA,4645820
198800,364300,"HAYWARD ROCK",2016-04-11 09:55:00,0.25,"6399",">",4645820
198800,364300,"HAYWARD ROCK",2016-05-25 09:45:00,0.05,"0714",">",4648987
198800,364300,"HAYWARD ROCK",2016-05-25 09:45:00,0.05,"0731",">",4648987
198800,364300,"HAYWARD ROCK",2016-05-25 09:45:00,0.05,"0733",">",4648987
198800,364300,"HAYWARD ROCK",2016-05-25 09:45:00,0.05,"6399",">",4648987
198800,364300,"HAYWARD ROCK",2015-04-23 10:45:00,0.01,"0714","<",4617123
198800,364300,"HAYWARD ROCK",2015-04-23 10:45:00,0.01,"0731","<",4617123
198800,364300,"HAYWARD ROCK",2015-04-23 10:45:00,0.01,"0733","<",4617123
198800,364300,"HAYWARD ROCK",2015-04-23 10:45:00,0.01,"6399","<",4617123
198800,364300,"HAYWARD ROCK",2015-03-25 10:50:00,0.0183,"0714",NA,4614783
198800,364300,"HAYWARD ROCK",2015-03-25 10:50:00,0.0266,"0731",NA,4614783
198800,364300,"HAYWARD ROCK",2015-03-25 10:50:00,0.0108,"0733",NA,4614783
198800,364300,"HAYWARD ROCK",2015-03-25 10:50:00,0.0171,"6399",NA,4614783
198800,364300,"HAYWARD ROCK",2015-07-21 11:15:00,0.01,"0733","<",4624316
198800,364300,"HAYWARD ROCK",2015-07-21 11:15:00,0.01,"6399","<",4624316
198800,364300,"HAYWARD ROCK",2015-07-21 11:15:00,0.01,"0714","<",4624316
198800,364300,"HAYWARD ROCK",2015-07-21 11:15:00,0.01,"0731","<",4624316
198800,364300,"HAYWARD ROCK",2015-02-24 10:40:00,0.01,"0714","<",4612305
198800,364300,"HAYWARD ROCK",2015-02-24 10:40:00,0.01,"0731","<",4612305
198800,364300,"HAYWARD ROCK",2015-02-24 10:40:00,0.01,"0733","<",4612305
198800,364300,"HAYWARD ROCK",2015-02-24 10:40:00,0.01,"6399","<",4612305
198800,364300,"HAYWARD ROCK",2015-06-05 11:30:00,0.01,"0714","<",4620798
198800,364300,"HAYWARD ROCK",2015-06-05 11:30:00,0.01,"0731","<",4620798
198800,364300,"HAYWARD ROCK",2015-06-05 11:30:00,0.01,"0733","<",4620798
198800,364300,"HAYWARD ROCK",2015-06-05 11:30:00,0.01,"6399","<",4620798
198800,364300,"HAYWARD ROCK",2016-02-25 09:45:00,0.00229,"6399",NA,4642001
198800,364300,"HAYWARD ROCK",2016-02-25 09:45:00,0.00343,"0714",NA,4642001
198800,364300,"HAYWARD ROCK",2016-02-25 09:45:00,0.00252,"0731",NA,4642001
198800,364300,"HAYWARD ROCK",2016-02-25 09:45:00,0.00105,"0733",NA,4642001
198800,364300,"HAYWARD ROCK",2015-08-20 11:35:00,0.01,"0714","<",4626948
198800,364300,"HAYWARD ROCK",2015-08-20 11:35:00,0.01,"0731","<",4626948
198800,364300,"HAYWARD ROCK",2015-08-20 11:35:00,0.01,"0733","<",4626948
198800,364300,"HAYWARD ROCK",2015-08-20 11:35:00,0.01,"6399","<",4626948
198800,364300,"HAYWARD ROCK",2016-03-10 10:35:00,0.00038,"0714",NA,4642945
198800,364300,"HAYWARD ROCK",2016-03-10 10:35:00,0.00038,"0731",NA,4642945
198800,364300,"HAYWARD ROCK",2016-03-10 10:35:00,0.00014,"0733",NA,4642945
198800,364300,"HAYWARD ROCK",2016-03-10 10:35:00,0.00029,"6399",NA,4642945
198800,364300,"HAYWARD ROCK",2017-01-31 09:15:00,0.00083,"0714",NA,4671009
198800,364300,"HAYWARD ROCK",2017-01-31 09:15:00,0.00084,"0731",NA,4671009
198800,364300,"HAYWARD ROCK",2017-01-31 09:15:00,0.00037,"0733",NA,4671009
198800,364300,"HAYWARD ROCK",2017-01-31 09:15:00,0.00069,"6399",NA,4671009
198800,364300,"HAYWARD ROCK",2017-04-27 09:40:00,0.0751,"0714",NA,4677160
198800,364300,"HAYWARD ROCK",2017-04-27 09:40:00,0.0606,"0731",NA,4677160
198800,364300,"HAYWARD ROCK",2017-04-27 09:40:00,0.0292,"0733",NA,4677160
198800,364300,"HAYWARD ROCK",2017-04-27 09:40:00,0.0444,"6399",NA,4677160
198800,364300,"HAYWARD ROCK",2017-03-16 09:35:00,0.00014,"0733",NA,4674488
198800,364300,"HAYWARD ROCK",2017-03-16 09:35:00,0.00028,"6399",NA,4674488
198800,364300,"HAYWARD ROCK",2017-03-16 09:35:00,0.00033,"0714",NA,4674488
198800,364300,"HAYWARD ROCK",2017-03-16 09:35:00,0.00031,"0731",NA,4674488
198800,364300,"HAYWARD ROCK",2017-02-28 09:15:00,0.00036,"0714",NA,4673497
198800,364300,"HAYWARD ROCK",2017-02-28 09:15:00,0.00035,"0731",NA,4673497
198800,364300,"HAYWARD ROCK",2017-02-28 09:15:00,0.00013,"0733",NA,4673497
198800,364300,"HAYWARD ROCK",2017-02-28 09:15:00,0.00027,"6399",NA,4673497
205210,368260,"GATCOMBE",2015-01-26 11:35:00,0.01,"0733","<",4610264
205210,368260,"GATCOMBE",2015-01-26 11:35:00,0.01,"6399","<",4610264
205210,368260,"GATCOMBE",2015-01-26 11:35:00,0.01,"0714","<",4610264
205210,368260,"GATCOMBE",2015-01-26 11:35:00,0.01,"0731","<",4610264
205210,368260,"GATCOMBE",2015-09-30 11:10:00,0.0212,"0714",NA,4630107
205210,368260,"GATCOMBE",2015-09-30 11:10:00,0.0381,"0731",NA,4630107
205210,368260,"GATCOMBE",2015-09-30 11:10:00,0.0133,"0733",NA,4630107
205210,368260,"GATCOMBE",2015-09-30 11:10:00,0.0159,"6399",NA,4630107
205210,368260,"GATCOMBE",2015-10-16 11:45:00,0.01,"0714","<",4631283
205210,368260,"GATCOMBE",2015-10-16 11:45:00,0.01,"0731","<",4631283
205210,368260,"GATCOMBE",2015-10-16 11:45:00,0.01,"0733","<",4631283
205210,368260,"GATCOMBE",2015-10-16 11:45:00,0.01,"6399","<",4631283
205210,368260,"GATCOMBE",2016-01-28 11:00:00,0.05,"0731",">",4640354
205210,368260,"GATCOMBE",2016-01-28 11:00:00,0.05,"0733",">",4640354
205210,368260,"GATCOMBE",2016-01-28 11:00:00,0.05,"6399",">",4640354
205210,368260,"GATCOMBE",2016-09-06 11:00:00,0.211,"0714",NA,4658701
205210,368260,"GATCOMBE",2016-09-06 11:00:00,0.184,"0731",NA,4658701
205210,368260,"GATCOMBE",2016-09-06 11:00:00,0.0791,"0733",NA,4658701
205210,368260,"GATCOMBE",2016-09-06 11:00:00,0.176,"6399",NA,4658701
205210,368260,"GATCOMBE",2016-11-16 09:45:00,0.104,"0714",NA,4664687
205210,368260,"GATCOMBE",2016-11-16 09:45:00,0.134,"0731",NA,4664687
205210,368260,"GATCOMBE",2016-11-16 09:45:00,0.0564,"0733",NA,4664687
205210,368260,"GATCOMBE",2016-11-16 09:45:00,0.118,"6399",NA,4664687
205210,368260,"GATCOMBE",2015-04-23 11:10:00,0.01,"0714","<",4617121
205210,368260,"GATCOMBE",2015-04-23 11:10:00,0.0106,"0731",NA,4617121
205210,368260,"GATCOMBE",2015-04-23 11:10:00,0.01,"0733","<",4617121
205210,368260,"GATCOMBE",2015-04-23 11:10:00,0.01,"6399","<",4617121
205210,368260,"GATCOMBE",2016-10-04 10:55:00,0.449,"6399",NA,4660948
205210,368260,"GATCOMBE",2015-06-18 11:35:00,0.01,"6399","<",4621770
205210,368260,"GATCOMBE",2015-06-18 11:35:00,0.01,"0714","<",4621770
205210,368260,"GATCOMBE",2015-06-18 11:35:00,0.01,"0731","<",4621770
205210,368260,"GATCOMBE",2015-06-18 11:35:00,0.01,"0733","<",4621770
205210,368260,"GATCOMBE",2015-07-21 11:50:00,0.01,"0733","<",4624314
205210,368260,"GATCOMBE",2015-07-21 11:50:00,0.01,"6399","<",4624314
205210,368260,"GATCOMBE",2015-07-21 11:50:00,0.01,"0714","<",4624314
205210,368260,"GATCOMBE",2015-07-21 11:50:00,0.01,"0731","<",4624314
205210,368260,"GATCOMBE",2015-02-24 11:20:00,0.01,"0714","<",4612303
205210,368260,"GATCOMBE",2015-02-24 11:20:00,0.01,"0731","<",4612303
205210,368260,"GATCOMBE",2015-02-24 11:20:00,0.01,"0733","<",4612303
205210,368260,"GATCOMBE",2015-02-24 11:20:00,0.01,"6399","<",4612303
205210,368260,"GATCOMBE",2015-03-25 11:15:00,0.01,"0714","<",4614781
205210,368260,"GATCOMBE",2015-03-25 11:15:00,0.01,"0731","<",4614781
205210,368260,"GATCOMBE",2015-03-25 11:15:00,0.01,"0733","<",4614781
205210,368260,"GATCOMBE",2015-03-25 11:15:00,0.01,"6399","<",4614781
205210,368260,"GATCOMBE",2015-09-03 11:45:00,0.01,"0714","<",4628151
205210,368260,"GATCOMBE",2015-09-03 11:45:00,0.01,"0731","<",4628151
205210,368260,"GATCOMBE",2015-09-03 11:45:00,0.01,"0733","<",4628151
205210,368260,"GATCOMBE",2015-09-03 11:45:00,0.01,"6399","<",4628151
205210,368260,"GATCOMBE",2016-10-04 10:55:00,0.548,"0714",NA,4660948
205210,368260,"GATCOMBE",2016-10-04 10:55:00,0.401,"0731",NA,4660948
205210,368260,"GATCOMBE",2016-10-04 10:55:00,0.391,"0733",NA,4660948
205210,368260,"GATCOMBE",2016-04-11 11:00:00,0.25,"0714",">",4645818
205210,368260,"GATCOMBE",2016-04-11 11:00:00,0.25,"0731",">",4645818
205210,368260,"GATCOMBE",2016-04-11 11:00:00,0.25,"0733",">",4645818
205210,368260,"GATCOMBE",2016-04-11 11:00:00,0.25,"6399",">",4645818
205210,368260,"GATCOMBE",2016-12-05 10:40:00,0.00033,"0714",NA,4666446
205210,368260,"GATCOMBE",2016-12-05 10:40:00,4e-04,"0731",NA,4666446
205210,368260,"GATCOMBE",2016-12-05 10:40:00,2e-04,"0733","<",4666446
205210,368260,"GATCOMBE",2016-12-05 10:40:00,0.00031,"6399",NA,4666446
205210,368260,"GATCOMBE",2016-03-10 09:50:00,0.00034,"0714",NA,4642943
205210,368260,"GATCOMBE",2016-03-10 09:50:00,0.00032,"0731",NA,4642943
205210,368260,"GATCOMBE",2016-03-10 09:50:00,0.00011,"0733",NA,4642943
205210,368260,"GATCOMBE",2016-03-10 09:50:00,0.00023,"6399",NA,4642943
205210,368260,"GATCOMBE",2016-02-25 10:20:00,0.00056,"0714",NA,4641999
205210,368260,"GATCOMBE",2016-02-25 10:20:00,5e-04,"0731",NA,4641999
205210,368260,"GATCOMBE",2016-02-25 10:20:00,0.00017,"0733",NA,4641999
205210,368260,"GATCOMBE",2016-02-25 10:20:00,4e-04,"6399",NA,4641999
205210,368260,"GATCOMBE",2016-05-25 10:30:00,0.25,"0714",">",4648985
205210,368260,"GATCOMBE",2016-05-25 10:30:00,0.25,"0731",">",4648985
205210,368260,"GATCOMBE",2016-05-25 10:30:00,0.246,"0733",NA,4648985
205210,368260,"GATCOMBE",2016-05-25 10:30:00,0.25,"6399",">",4648985
205210,368260,"GATCOMBE",2017-01-31 09:50:00,0.00032,"0714",NA,4671007
205210,368260,"GATCOMBE",2017-01-31 09:50:00,0.00032,"0731",NA,4671007
205210,368260,"GATCOMBE",2017-01-31 09:50:00,0.00011,"0733",NA,4671007
205210,368260,"GATCOMBE",2017-01-31 09:50:00,0.00024,"6399",NA,4671007
205210,368260,"GATCOMBE",2016-07-21 10:10:00,0.05,"0714",">",4654929
205210,368260,"GATCOMBE",2016-07-21 10:10:00,0.05,"0731",">",4654929
205210,368260,"GATCOMBE",2016-07-21 10:10:00,0.05,"0733",">",4654929
205210,368260,"GATCOMBE",2016-07-21 10:10:00,0.05,"6399",">",4654929
205210,368260,"GATCOMBE",2017-03-16 10:35:00,0.00021,"0714",NA,4674486
205210,368260,"GATCOMBE",2017-03-16 10:35:00,0.00019,"0731",NA,4674486
205210,368260,"GATCOMBE",2017-03-16 10:35:00,1e-04,"0733","<",4674486
205210,368260,"GATCOMBE",2017-03-16 10:35:00,0.00015,"6399",NA,4674486
205210,368260,"GATCOMBE",2017-02-28 09:50:00,0.00038,"0714",NA,4673495
205210,368260,"GATCOMBE",2017-02-28 09:50:00,0.00038,"0731",NA,4673495
205210,368260,"GATCOMBE",2017-02-28 09:50:00,0.00015,"0733",NA,4673495
205210,368260,"GATCOMBE",2017-02-28 09:50:00,0.00032,"6399",NA,4673495
209900,369200,"BULLO PILL",2015-07-22 12:50:00,0.0276,"0714",NA,4624379
209900,369200,"BULLO PILL",2015-07-22 12:50:00,0.037,"0731",NA,4624379
209900,369200,"BULLO PILL",2015-07-22 12:50:00,0.0207,"0733",NA,4624379
209900,369200,"BULLO PILL",2015-07-22 12:50:00,0.0234,"6399",NA,4624379
209900,369200,"BULLO PILL",2015-01-26 12:30:00,0.01,"0733","<",4610268
209900,369200,"BULLO PILL",2015-01-26 12:30:00,0.01,"6399","<",4610268
209900,369200,"BULLO PILL",2015-01-26 12:30:00,0.01,"0714","<",4610268
209900,369200,"BULLO PILL",2015-01-26 12:30:00,0.01,"0731","<",4610268
209900,369200,"BULLO PILL",2016-01-28 11:25:00,0.05,"0731",">",4640358
209900,369200,"BULLO PILL",2016-01-28 11:25:00,0.05,"0733",">",4640358
209900,369200,"BULLO PILL",2016-01-28 11:25:00,0.05,"6399",">",4640358
209900,369200,"BULLO PILL",2016-09-06 11:30:00,0.454,"0714",NA,4658705
209900,369200,"BULLO PILL",2016-09-06 11:30:00,0.501,"0731",NA,4658705
209900,369200,"BULLO PILL",2016-09-06 11:30:00,0.185,"0733",NA,4658705
209900,369200,"BULLO PILL",2016-09-06 11:30:00,0.413,"6399",NA,4658705
209900,369200,"BULLO PILL",2016-10-04 11:30:00,0.189,"0714",NA,4660952
209900,369200,"BULLO PILL",2016-10-04 11:30:00,0.174,"0731",NA,4660952
209900,369200,"BULLO PILL",2016-10-04 11:30:00,0.18,"0733",NA,4660952
209900,369200,"BULLO PILL",2016-10-04 11:30:00,0.184,"6399",NA,4660952
209900,369200,"BULLO PILL",2015-04-23 11:50:00,0.01,"0714","<",4617125
209900,369200,"BULLO PILL",2015-04-23 11:50:00,0.01,"0731","<",4617125
209900,369200,"BULLO PILL",2015-04-23 11:50:00,0.01,"0733","<",4617125
209900,369200,"BULLO PILL",2015-04-23 11:50:00,0.01,"6399","<",4617125
209900,369200,"BULLO PILL",2015-06-19 11:05:00,0.01,"0714","<",4621811
209900,369200,"BULLO PILL",2015-06-19 11:05:00,0.01,"0731","<",4621811
209900,369200,"BULLO PILL",2015-06-19 11:05:00,0.01,"0733","<",4621811
209900,369200,"BULLO PILL",2015-06-19 11:05:00,0.01,"6399","<",4621811
209900,369200,"BULLO PILL",2015-02-24 12:00:00,0.01,"0714","<",4612307
209900,369200,"BULLO PILL",2015-02-24 12:00:00,0.01,"0731","<",4612307
209900,369200,"BULLO PILL",2015-02-24 12:00:00,0.01,"0733","<",4612307
209900,369200,"BULLO PILL",2015-02-24 12:00:00,0.01,"6399","<",4612307
209900,369200,"BULLO PILL",2015-09-03 12:20:00,0.01,"0714","<",4628153
209900,369200,"BULLO PILL",2015-09-03 12:20:00,0.01,"0731","<",4628153
209900,369200,"BULLO PILL",2015-09-03 12:20:00,0.01,"0733","<",4628153
209900,369200,"BULLO PILL",2015-09-03 12:20:00,0.01,"6399","<",4628153
209900,369200,"BULLO PILL",2016-04-11 11:30:00,0.05,"0714",">",4645822
209900,369200,"BULLO PILL",2016-04-11 11:30:00,0.05,"0731",">",4645822
209900,369200,"BULLO PILL",2016-04-11 11:30:00,0.05,"0733",">",4645822
209900,369200,"BULLO PILL",2016-04-11 11:30:00,0.05,"6399",">",4645822
209900,369200,"BULLO PILL",2016-12-05 11:30:00,0.05,"0714",">",4666450
209900,369200,"BULLO PILL",2016-12-05 11:30:00,0.05,"0731",">",4666450
209900,369200,"BULLO PILL",2016-12-05 11:30:00,0.0462,"0733",NA,4666450
209900,369200,"BULLO PILL",2016-12-05 11:30:00,0.05,"6399",">",4666450
209900,369200,"BULLO PILL",2015-03-25 11:45:00,0.01,"0714","<",4614785
209900,369200,"BULLO PILL",2015-03-25 11:45:00,0.01,"0731","<",4614785
209900,369200,"BULLO PILL",2015-03-25 11:45:00,0.01,"0733","<",4614785
209900,369200,"BULLO PILL",2015-03-25 11:45:00,0.01,"6399","<",4614785
209900,369200,"BULLO PILL",2016-02-25 10:50:00,0.00058,"0714",NA,4642003
209900,369200,"BULLO PILL",2016-02-25 10:50:00,0.00046,"0731",NA,4642003
209900,369200,"BULLO PILL",2016-02-25 10:50:00,0.00019,"0733",NA,4642003
209900,369200,"BULLO PILL",2016-02-25 10:50:00,0.00039,"6399",NA,4642003
209900,369200,"BULLO PILL",2016-03-10 09:15:00,0.00042,"0714",NA,4642947
209900,369200,"BULLO PILL",2016-03-10 09:15:00,4e-04,"0731",NA,4642947
209900,369200,"BULLO PILL",2016-03-10 09:15:00,0.00016,"0733",NA,4642947
209900,369200,"BULLO PILL",2016-03-10 09:15:00,3e-04,"6399",NA,4642947
209900,369200,"BULLO PILL",2015-09-30 11:40:00,0.0186,"0714",NA,4630109
209900,369200,"BULLO PILL",2015-09-30 11:40:00,0.0344,"0731",NA,4630109
209900,369200,"BULLO PILL",2015-09-30 11:40:00,0.0111,"0733",NA,4630109
209900,369200,"BULLO PILL",2017-01-31 10:50:00,0.00034,"0714",NA,4671011
209900,369200,"BULLO PILL",2017-01-31 10:50:00,0.00029,"0731",NA,4671011
209900,369200,"BULLO PILL",2017-01-31 10:50:00,0.00013,"0733",NA,4671011
209900,369200,"BULLO PILL",2017-01-31 10:50:00,0.00022,"6399",NA,4671011
209900,369200,"BULLO PILL",2015-09-30 11:40:00,0.0182,"6399",NA,4630109
209900,369200,"BULLO PILL",2016-05-25 11:20:00,0.05,"0714",">",4648989
209900,369200,"BULLO PILL",2016-05-25 11:20:00,0.05,"0731",">",4648989
209900,369200,"BULLO PILL",2016-05-25 11:20:00,0.05,"0733",">",4648989
209900,369200,"BULLO PILL",2016-05-25 11:20:00,0.05,"6399",">",4648989
209900,369200,"BULLO PILL",2016-07-21 11:10:00,0.00157,"0714",NA,4654933
209900,369200,"BULLO PILL",2016-07-21 11:10:00,0.00165,"0731",NA,4654933
209900,369200,"BULLO PILL",2016-07-21 11:10:00,0.00071,"0733",NA,4654933
209900,369200,"BULLO PILL",2016-07-21 11:10:00,0.00135,"6399",NA,4654933
209900,369200,"BULLO PILL",2017-03-16 11:15:00,0.00032,"0714",NA,4674490
209900,369200,"BULLO PILL",2017-03-16 11:15:00,0.00029,"0731",NA,4674490
209900,369200,"BULLO PILL",2017-03-16 11:15:00,0.00011,"0733",NA,4674490
209900,369200,"BULLO PILL",2017-03-16 11:15:00,0.00024,"6399",NA,4674490
209900,369200,"BULLO PILL",2017-02-28 10:45:00,0.00041,"0714",NA,4673499
209900,369200,"BULLO PILL",2017-02-28 10:45:00,0.00036,"0731",NA,4673499
209900,369200,"BULLO PILL",2017-02-28 10:45:00,0.00015,"0733",NA,4673499
209900,369200,"BULLO PILL",2017-02-28 10:45:00,3e-04,"6399",NA,4673499
216850,376850,"T SC MINSTWRTH",2015-12-17 10:45:00,0.00018,"0733",NA,4637267
216850,376850,"T SC MINSTWRTH",2015-12-17 10:45:00,0.00033,"6399",NA,4637267
216850,376850,"T SC MINSTWRTH",2015-12-17 10:45:00,0.00056,"0714",NA,4637267
216850,376850,"T SC MINSTWRTH",2015-12-17 10:45:00,0.00044,"0731",NA,4637267
216850,376850,"T SC MINSTWRTH",2015-11-17 10:15:00,0.002,"6399",">",4634367
216850,376850,"T SC MINSTWRTH",2015-11-17 10:15:00,0.002,"0714",">",4634367
216850,376850,"T SC MINSTWRTH",2015-11-17 10:15:00,0.002,"0731",">",4634367
216850,376850,"T SC MINSTWRTH",2015-11-17 10:15:00,0.002,"0733",">",4634367
216850,376850,"T SC MINSTWRTH",2016-06-21 11:25:00,0.00809,"0714",NA,4651272
216850,376850,"T SC MINSTWRTH",2016-06-21 11:25:00,0.0064,"0731",NA,4651272
216850,376850,"T SC MINSTWRTH",2016-06-21 11:25:00,0.00305,"0733",NA,4651272
216850,376850,"T SC MINSTWRTH",2016-06-21 11:25:00,0.00679,"6399",NA,4651272
216850,376850,"T SC MINSTWRTH",2015-07-20 11:25:00,0.01,"0714","<",4624246
216850,376850,"T SC MINSTWRTH",2015-07-20 11:25:00,0.01,"0731","<",4624246
216850,376850,"T SC MINSTWRTH",2015-07-20 11:25:00,0.01,"0733","<",4624246
216850,376850,"T SC MINSTWRTH",2015-07-20 11:25:00,0.01,"6399","<",4624246
216850,376850,"T SC MINSTWRTH",2015-06-16 10:35:00,0.01,"0714","<",4621578
216850,376850,"T SC MINSTWRTH",2015-06-16 10:35:00,0.01,"0731","<",4621578
216850,376850,"T SC MINSTWRTH",2015-06-16 10:35:00,0.01,"0733","<",4621578
216850,376850,"T SC MINSTWRTH",2015-06-16 10:35:00,0.01,"6399","<",4621578
216850,376850,"T SC MINSTWRTH",2015-09-29 11:30:00,0.01,"0714","<",4630046
216850,376850,"T SC MINSTWRTH",2015-09-29 11:30:00,0.01,"0731","<",4630046
216850,376850,"T SC MINSTWRTH",2015-09-29 11:30:00,0.01,"0733","<",4630046
216850,376850,"T SC MINSTWRTH",2015-09-29 11:30:00,0.01,"6399","<",4630046
216850,376850,"T SC MINSTWRTH",2016-10-03 10:35:00,0.00595,"0714",NA,4660910
216850,376850,"T SC MINSTWRTH",2016-10-03 10:35:00,0.0051,"0731",NA,4660910
216850,376850,"T SC MINSTWRTH",2016-10-03 10:35:00,0.00259,"0733",NA,4660910
216850,376850,"T SC MINSTWRTH",2016-10-03 10:35:00,0.00542,"6399",NA,4660910
216850,376850,"T SC MINSTWRTH",2015-10-15 10:30:00,0.01,"0714","<",4631280
216850,376850,"T SC MINSTWRTH",2015-10-15 10:30:00,0.01,"0731","<",4631280
216850,376850,"T SC MINSTWRTH",2015-10-15 10:30:00,0.01,"0733","<",4631280
216850,376850,"T SC MINSTWRTH",2015-10-15 10:30:00,0.01,"6399","<",4631280
216850,376850,"T SC MINSTWRTH",2016-07-22 09:04:00,0.00879,"0714",NA,4654976
216850,376850,"T SC MINSTWRTH",2016-07-22 09:04:00,0.00632,"0731",NA,4654976
216850,376850,"T SC MINSTWRTH",2016-07-22 09:04:00,0.00315,"0733",NA,4654976
216850,376850,"T SC MINSTWRTH",2016-07-22 09:04:00,0.00679,"6399",NA,4654976
216850,376850,"T SC MINSTWRTH",2015-04-20 10:15:00,0.01,"0714","<",4616868
216850,376850,"T SC MINSTWRTH",2015-04-20 10:15:00,0.01,"0731","<",4616868
216850,376850,"T SC MINSTWRTH",2015-04-20 10:15:00,0.01,"0733","<",4616868
216850,376850,"T SC MINSTWRTH",2015-04-20 10:15:00,0.01,"6399","<",4616868
216850,376850,"T SC MINSTWRTH",2016-09-05 11:18:00,0.00493,"6399",NA,4658667
216850,376850,"T SC MINSTWRTH",2016-09-05 11:18:00,0.00689,"0714",NA,4658667
216850,376850,"T SC MINSTWRTH",2016-09-05 11:18:00,0.00482,"0731",NA,4658667
216850,376850,"T SC MINSTWRTH",2016-09-05 11:18:00,0.00241,"0733",NA,4658667
216850,376850,"T SC MINSTWRTH",2016-01-25 12:45:00,4e-04,"0733","<",4640191
216850,376850,"T SC MINSTWRTH",2016-01-25 12:45:00,4e-04,"6399","<",4640191
216850,376850,"T SC MINSTWRTH",2016-01-25 12:45:00,4e-04,"0714","<",4640191
216850,376850,"T SC MINSTWRTH",2016-01-25 12:45:00,4e-04,"0731","<",4640191
216850,376850,"T SC MINSTWRTH",2015-02-27 13:40:00,0.01,"0714","<",4613059
216850,376850,"T SC MINSTWRTH",2015-02-27 13:40:00,0.01,"0731","<",4613059
216850,376850,"T SC MINSTWRTH",2015-02-27 13:40:00,0.01,"0733","<",4613059
216850,376850,"T SC MINSTWRTH",2015-02-27 13:40:00,0.01,"6399","<",4613059
216850,376850,"T SC MINSTWRTH",2015-01-12 11:25:00,0.01,"0714","<",4608934
216850,376850,"T SC MINSTWRTH",2015-01-12 11:25:00,0.01,"0731","<",4608934
216850,376850,"T SC MINSTWRTH",2015-01-12 11:25:00,0.01,"0733","<",4608934
216850,376850,"T SC MINSTWRTH",2015-01-12 11:25:00,0.01,"6399","<",4608934
216850,376850,"T SC MINSTWRTH",2015-03-31 12:35:00,0.01,"0714","<",4615712
216850,376850,"T SC MINSTWRTH",2015-03-31 12:35:00,0.01,"0731","<",4615712
216850,376850,"T SC MINSTWRTH",2015-03-31 12:35:00,0.01,"0733","<",4615712
216850,376850,"T SC MINSTWRTH",2015-03-31 12:35:00,0.01,"6399","<",4615712
216850,376850,"T SC MINSTWRTH",2016-11-02 10:05:00,0.05,"0733",">",4663537
216850,376850,"T SC MINSTWRTH",2016-11-02 10:05:00,0.05,"6399",">",4663537
216850,376850,"T SC MINSTWRTH",2016-12-07 11:50:00,0.00064,"0714",NA,4666661
216850,376850,"T SC MINSTWRTH",2016-12-07 11:50:00,0.00045,"0731",NA,4666661
216850,376850,"T SC MINSTWRTH",2016-12-07 11:50:00,2e-04,"0733",NA,4666661
216850,376850,"T SC MINSTWRTH",2016-12-07 11:50:00,0.00044,"6399",NA,4666661
216850,376850,"T SC MINSTWRTH",2016-04-13 12:30:00,0.0146,"0714",NA,4646016
216850,376850,"T SC MINSTWRTH",2016-04-13 12:30:00,0.0082,"0731",NA,4646016
216850,376850,"T SC MINSTWRTH",2016-04-13 12:30:00,0.00402,"0733",NA,4646016
216850,376850,"T SC MINSTWRTH",2016-04-13 12:30:00,0.00883,"6399",NA,4646016
216850,376850,"T SC MINSTWRTH",2015-09-01 10:35:00,0.01,"0714","<",4627217
216850,376850,"T SC MINSTWRTH",2015-09-01 10:35:00,0.01,"0731","<",4627217
216850,376850,"T SC MINSTWRTH",2015-09-01 10:35:00,0.01,"0733","<",4627217
216850,376850,"T SC MINSTWRTH",2015-10-01 10:50:00,0.01,"0714","<",4630398
216850,376850,"T SC MINSTWRTH",2015-10-01 10:50:00,0.0113,"0731",NA,4630398
216850,376850,"T SC MINSTWRTH",2015-10-01 10:50:00,0.01,"0733","<",4630398
216850,376850,"T SC MINSTWRTH",2015-09-01 10:35:00,0.01,"6399","<",4627217
216850,376850,"T SC MINSTWRTH",2015-10-01 10:50:00,0.01,"6399","<",4630398
216850,376850,"T SC MINSTWRTH",2016-03-09 11:40:00,0.021,"0714",NA,4642857
216850,376850,"T SC MINSTWRTH",2016-03-09 11:40:00,0.016,"0731",NA,4642857
216850,376850,"T SC MINSTWRTH",2016-03-09 11:40:00,0.00731,"0733",NA,4642857
216850,376850,"T SC MINSTWRTH",2016-03-09 11:40:00,0.017,"6399",NA,4642857
216850,376850,"T SC MINSTWRTH",2016-05-27 13:05:00,6e-04,"0714",NA,4649100
216850,376850,"T SC MINSTWRTH",2016-05-27 13:05:00,0.00045,"0731",NA,4649100
216850,376850,"T SC MINSTWRTH",2016-05-27 13:05:00,0.00019,"0733",NA,4649100
216850,376850,"T SC MINSTWRTH",2016-05-27 13:05:00,0.00032,"6399",NA,4649100
216850,376850,"T SC MINSTWRTH",2017-02-01 09:50:00,0.0099,"0714",NA,4671012
216850,376850,"T SC MINSTWRTH",2017-02-01 09:50:00,0.00574,"0731",NA,4671012
216850,376850,"T SC MINSTWRTH",2017-02-01 09:50:00,0.00271,"0733",NA,4671012
216850,376850,"T SC MINSTWRTH",2017-02-01 09:50:00,0.00619,"6399",NA,4671012
216850,376850,"T SC MINSTWRTH",2017-02-27 09:15:00,0.00979,"0714",NA,4672604
216850,376850,"T SC MINSTWRTH",2017-02-27 09:15:00,0.00491,"0731",NA,4672604
216850,376850,"T SC MINSTWRTH",2017-02-27 09:15:00,0.00228,"0733",NA,4672604
216850,376850,"T SC MINSTWRTH",2017-02-27 09:15:00,0.00531,"6399",NA,4672604
216850,376850,"T SC MINSTWRTH",2017-03-15 09:55:00,0.05,"0714",">",4674265
216850,376850,"T SC MINSTWRTH",2017-03-15 09:55:00,0.05,"0731",">",4674265
216850,376850,"T SC MINSTWRTH",2017-03-15 09:55:00,0.0297,"0733",NA,4674265
216850,376850,"T SC MINSTWRTH",2017-03-15 09:55:00,0.05,"6399",">",4674265
219580,381650,"T OVER BRIDGE",2015-12-15 12:15:00,4e-04,"0733","<",4637077
219580,381650,"T OVER BRIDGE",2015-12-15 12:15:00,4e-04,"6399","<",4637077
219580,381650,"T OVER BRIDGE",2015-12-15 12:15:00,0.00064,"0714",NA,4637077
219580,381650,"T OVER BRIDGE",2015-12-15 12:15:00,0.00066,"0731",NA,4637077
219580,381650,"T OVER BRIDGE",2016-07-22 10:16:00,0.00576,"0714",NA,4654977
219580,381650,"T OVER BRIDGE",2016-07-22 10:16:00,0.0038,"0731",NA,4654977
219580,381650,"T OVER BRIDGE",2016-07-22 10:16:00,0.00163,"0733",NA,4654977
219580,381650,"T OVER BRIDGE",2016-07-22 10:16:00,0.00404,"6399",NA,4654977
219580,381650,"T OVER BRIDGE",2016-02-22 11:55:00,0.00289,"0714",NA,4641885
219580,381650,"T OVER BRIDGE",2016-02-22 11:55:00,0.00197,"0731",NA,4641885
219580,381650,"T OVER BRIDGE",2016-02-22 11:55:00,0.00091,"0733",NA,4641885
219580,381650,"T OVER BRIDGE",2016-06-21 12:10:00,0.00149,"6399",NA,4651273
219580,381650,"T OVER BRIDGE",2016-02-22 11:55:00,0.00237,"6399",NA,4641885
219580,381650,"T OVER BRIDGE",2016-06-21 12:10:00,0.00218,"0714",NA,4651273
219580,381650,"T OVER BRIDGE",2016-06-21 12:10:00,0.00154,"0731",NA,4651273
219580,381650,"T OVER BRIDGE",2016-06-21 12:10:00,7e-04,"0733",NA,4651273
219580,381650,"T OVER BRIDGE",2015-11-17 11:10:00,0.00212,"0714",">",4634368
219580,381650,"T OVER BRIDGE",2015-11-17 11:10:00,0.00212,"0731",">",4634368
219580,381650,"T OVER BRIDGE",2015-11-17 11:10:00,0.00212,"0733",">",4634368
219580,381650,"T OVER BRIDGE",2015-11-17 11:10:00,0.00212,"6399",">",4634368
219580,381650,"T OVER BRIDGE",2015-07-20 10:20:00,0.01,"0714","<",4624247
219580,381650,"T OVER BRIDGE",2015-07-20 10:20:00,0.01,"0731","<",4624247
219580,381650,"T OVER BRIDGE",2015-07-20 10:20:00,0.01,"0733","<",4624247
219580,381650,"T OVER BRIDGE",2015-07-20 10:20:00,0.01,"6399","<",4624247
219580,381650,"T OVER BRIDGE",2015-09-29 10:35:00,0.01,"0714","<",4630047
219580,381650,"T OVER BRIDGE",2015-09-29 10:35:00,0.01,"0731","<",4630047
219580,381650,"T OVER BRIDGE",2015-09-29 10:35:00,0.01,"0733","<",4630047
219580,381650,"T OVER BRIDGE",2015-09-29 10:35:00,0.01,"6399","<",4630047
219580,381650,"T OVER BRIDGE",2016-10-03 11:25:00,0.05,"6399",">",4660911
219580,381650,"T OVER BRIDGE",2016-04-13 13:20:00,0.0174,"0714",NA,4646017
219580,381650,"T OVER BRIDGE",2016-04-13 13:20:00,0.0159,"0731",NA,4646017
219580,381650,"T OVER BRIDGE",2016-04-13 13:20:00,0.00729,"0733",NA,4646017
219580,381650,"T OVER BRIDGE",2016-04-13 13:20:00,0.0144,"6399",NA,4646017
219580,381650,"T OVER BRIDGE",2016-09-05 12:26:00,0.0267,"0714",NA,4658668
219580,381650,"T OVER BRIDGE",2016-09-05 12:26:00,0.0285,"0731",NA,4658668
219580,381650,"T OVER BRIDGE",2016-09-05 12:26:00,0.0135,"0733",NA,4658668
219580,381650,"T OVER BRIDGE",2016-09-05 12:26:00,0.0255,"6399",NA,4658668
219580,381650,"T OVER BRIDGE",2016-10-03 11:25:00,0.05,"0714",">",4660911
219580,381650,"T OVER BRIDGE",2016-10-03 11:25:00,0.05,"0731",">",4660911
219580,381650,"T OVER BRIDGE",2016-10-03 11:25:00,0.05,"0733",">",4660911
219580,381650,"T OVER BRIDGE",2015-02-13 11:50:00,0.01,"0714","<",4611668
219580,381650,"T OVER BRIDGE",2015-02-13 11:50:00,0.01,"0731","<",4611668
219580,381650,"T OVER BRIDGE",2015-02-13 11:50:00,0.01,"0733","<",4611668
219580,381650,"T OVER BRIDGE",2015-02-13 11:50:00,0.01,"6399","<",4611668
219580,381650,"T OVER BRIDGE",2015-03-31 10:43:00,0.01,"0714","<",4615713
219580,381650,"T OVER BRIDGE",2015-03-31 10:43:00,0.01,"0731","<",4615713
219580,381650,"T OVER BRIDGE",2015-03-31 10:43:00,0.01,"0733","<",4615713
219580,381650,"T OVER BRIDGE",2015-03-31 10:43:00,0.01,"6399","<",4615713
219580,381650,"T OVER BRIDGE",2015-05-08 10:45:00,0.01,"0714","<",4618550
219580,381650,"T OVER BRIDGE",2015-05-08 10:45:00,0.01,"0731","<",4618550
219580,381650,"T OVER BRIDGE",2015-05-08 10:45:00,0.01,"0733","<",4618550
219580,381650,"T OVER BRIDGE",2015-05-08 10:45:00,0.01,"6399","<",4618550
219580,381650,"T OVER BRIDGE",2015-04-20 11:30:00,0.01,"0714","<",4616869
219580,381650,"T OVER BRIDGE",2015-04-20 11:30:00,0.01,"0731","<",4616869
219580,381650,"T OVER BRIDGE",2015-04-20 11:30:00,0.01,"0733","<",4616869
219580,381650,"T OVER BRIDGE",2015-04-20 11:30:00,0.01,"6399","<",4616869
219580,381650,"T OVER BRIDGE",2015-03-09 14:25:00,0.01,"0714","<",4613669
219580,381650,"T OVER BRIDGE",2015-03-09 14:25:00,0.01,"0731","<",4613669
219580,381650,"T OVER BRIDGE",2015-03-09 14:25:00,0.01,"0733","<",4613669
219580,381650,"T OVER BRIDGE",2015-03-09 14:25:00,0.01,"6399","<",4613669
219580,381650,"T OVER BRIDGE",2015-06-04 11:35:00,0.01,"0714","<",4620708
219580,381650,"T OVER BRIDGE",2015-06-04 11:35:00,0.01,"0731","<",4620708
219580,381650,"T OVER BRIDGE",2015-06-04 11:35:00,0.01,"0733","<",4620708
219580,381650,"T OVER BRIDGE",2015-06-04 11:35:00,0.01,"6399","<",4620708
219580,381650,"T OVER BRIDGE",2016-12-15 15:00:00,0.0105,"0714",NA,4667528
219580,381650,"T OVER BRIDGE",2016-12-15 15:00:00,0.0113,"0731",NA,4667528
219580,381650,"T OVER BRIDGE",2016-12-15 15:00:00,0.00449,"0733",NA,4667528
219580,381650,"T OVER BRIDGE",2016-12-15 15:00:00,0.00937,"6399",NA,4667528
219580,381650,"T OVER BRIDGE",2016-01-25 14:30:00,0.002,"0714",">",4640192
219580,381650,"T OVER BRIDGE",2016-01-25 14:30:00,0.002,"0731",">",4640192
219580,381650,"T OVER BRIDGE",2016-01-25 14:30:00,0.0011,"0733",NA,4640192
219580,381650,"T OVER BRIDGE",2016-01-25 14:30:00,0.002,"6399",">",4640192
219580,381650,"T OVER BRIDGE",2016-11-01 12:35:00,0.00617,"0714",NA,4663444
219580,381650,"T OVER BRIDGE",2016-11-01 12:35:00,0.00636,"0731",NA,4663444
219580,381650,"T OVER BRIDGE",2016-11-01 12:35:00,0.00338,"0733",NA,4663444
219580,381650,"T OVER BRIDGE",2016-11-01 12:35:00,0.0073,"6399",NA,4663444
219580,381650,"T OVER BRIDGE",2015-09-01 11:30:00,0.01,"0714","<",4627218
219580,381650,"T OVER BRIDGE",2015-09-01 11:30:00,0.01,"0731","<",4627218
219580,381650,"T OVER BRIDGE",2015-09-01 11:30:00,0.01,"0733","<",4627218
219580,381650,"T OVER BRIDGE",2015-09-01 11:30:00,0.01,"6399","<",4627218
219580,381650,"T OVER BRIDGE",2015-10-01 11:55:00,0.01,"0714","<",4630399
219580,381650,"T OVER BRIDGE",2015-10-01 11:55:00,0.01,"0731","<",4630399
219580,381650,"T OVER BRIDGE",2015-10-01 11:55:00,0.01,"0733","<",4630399
219580,381650,"T OVER BRIDGE",2015-10-01 11:55:00,0.01,"6399","<",4630399
219580,381650,"T OVER BRIDGE",2016-03-09 10:45:00,0.0347,"0714",NA,4642858
219580,381650,"T OVER BRIDGE",2016-03-09 10:45:00,0.0229,"0731",NA,4642858
219580,381650,"T OVER BRIDGE",2016-03-09 10:45:00,0.0106,"0733",NA,4642858
219580,381650,"T OVER BRIDGE",2016-03-09 10:45:00,0.0263,"6399",NA,4642858
219580,381650,"T OVER BRIDGE",2017-01-23 12:30:00,0.0015,"0714",NA,4670190
219580,381650,"T OVER BRIDGE",2017-01-23 12:30:00,0.00097,"0731",NA,4670190
219580,381650,"T OVER BRIDGE",2017-01-23 12:30:00,0.00043,"0733",NA,4670190
219580,381650,"T OVER BRIDGE",2017-01-23 12:30:00,0.00092,"6399",NA,4670190
219580,381650,"T OVER BRIDGE",2016-05-27 11:30:00,0.00107,"0714",NA,4649101
219580,381650,"T OVER BRIDGE",2016-05-27 11:30:00,0.00053,"0731",NA,4649101
219580,381650,"T OVER BRIDGE",2016-05-27 11:30:00,0.00021,"0733",NA,4649101
219580,381650,"T OVER BRIDGE",2016-05-27 11:30:00,0.00047,"6399",NA,4649101
219580,381650,"T OVER BRIDGE",2017-02-27 10:00:00,0.00846,"0714",NA,4672605
219580,381650,"T OVER BRIDGE",2017-02-27 10:00:00,0.00615,"0731",NA,4672605
219580,381650,"T OVER BRIDGE",2017-02-27 10:00:00,0.003,"0733",NA,4672605
219580,381650,"T OVER BRIDGE",2017-02-27 10:00:00,0.00642,"6399",NA,4672605
219580,381650,"T OVER BRIDGE",2017-03-15 10:55:00,0.00139,"0714",NA,4674266
219580,381650,"T OVER BRIDGE",2017-03-15 10:55:00,9e-04,"0731",NA,4674266
219580,381650,"T OVER BRIDGE",2017-03-15 10:55:00,0.00044,"0733",NA,4674266
219580,381650,"T OVER BRIDGE",2017-03-15 10:55:00,0.00093,"6399",NA,4674266
